<?xml version='1.0' encoding='UTF-8' ?>
<schemas xmlns='http://xml.netbeans.org/schema/JAXBWizConfig' destdir='build/generated-sources/jaxb' projectName='FEDSInputGenerator' version='1.0'>
	<schema type='-xmlschema' package='FEDServiceLib' name='FEDServiceLib'>
		<xjc-options>
		</xjc-options>
		<schema-sources>
			<schema-source location='xml-resources/jaxb/FEDServiceLib/FEDServiceLib.xsd' origLocation='../../../FEDService/feds-web-service/src/main/webapp/WEB-INF/wsdl/FEDServiceLib.xsd'/>
		</schema-sources>
		<bindings>
		</bindings>
		<catalog/>
	</schema>
</schemas>
